{
  "total_students": 2,
  "total_questions": 4,
  "average_similarity_per_question": {
    "0": 0.34944626192251843,
    "1": 0.37778485628465813,
    "2": 0.29770316059390706,
    "3": 0.37433369768162567
  },
  "average_coverage_per_question": {
    "0": 0.15151515151515152,
    "1": 0.17901234567901234,
    "2": 0.12820512820512822,
    "3": 0.2333333333333333
  },
  "plagiarism_flags_per_question": {
    "0": 0,
    "1": 0,
    "2": 0,
    "3": 0
  },
  "overall_average_similarity": 0.3498169941206773,
  "overall_average_coverage": 0.1730164896831564,
  "overall_plagiarism_flags": 0
}